{
  "num_runs": 10,
  "max_iter": 100,
  "pop_size": 30,
  "timestamp": "2026-03-06T12:28:41.912546",
  "total_time": 1638.954436302185
}